Theme,Module,Question,OptionA,OptionB,OptionC,OptionD,CorrectAnswer,Explanation
Laboratory Management and Quality Assurance,Quality Assurance in Medical Laboratory, Which of the following Westgard multirules is specifically designated as a "warning" rule intended to trigger a careful review of control data rather than an immediate rejection of the analytical run?,A) 13s rule,B) 22s rule,C) 12s rule,D) R4s rule,C) 12s rule,የፅንሰ-ሀሳብ እና የሳይንስ መርህ ሰፊ ማብራሪያ፦ በላቦራቶሪ የጥራት ቁጥጥር ሂደት ውስጥ የዌስትጋርድ ሕጎች በምርመራ ሂደት ውስጥ የሚከሰቱ ስህተቶችን ለመለየት ያገለግላሉ። ከእነዚህ ሕጎች መካከል 12s የተባለው ሕግ የሚሠራው አንድ የጥራት መቆጣጠሪያ ውጤት ከመካከለኛው መስመር በሁለት ስታንዳርድ ዲቪየሽን ሲርቅ ነው። ይህ ሁኔታ ሲከሰት ማሽኑ ወይም የምርመራ ሂደቱ ወዲያውኑ አይቆምም (rejection አይደለም)፤ ይልቁንም እንደ ማስጠንቀቂያ (warning) በመውሰድ ባለሙያው ሌሎች ደንቦች (ለምሳሌ 13s ወይም 22s) መጣሳቸውን በጥንቃቄ እንዲመረምር ያሳስባል። ይህም አላስፈላጊ የሆኑ የምርመራ መቋረጦችን ለመቀነስ ይረዳል — የተሳሳቱ ምርጫዎች ለምን ስህተት ሆኑ? [13s rule] ይህ ሕግ አንድ ውጤት ከ±3s ውጭ ሲሆን የሚሠራ ሲሆን በጣም ከፍተኛ የሆነ ስህተት مኖሩን ስለሚያሳይ የምርመራ ሂደቱ ወዲያውኑ ውድቅ እንዲደረግ ያዝዛል። [22s rule] ሁለት ተከታታይ የጥራት መቆጣጠሪያ ውጤቶች ከ±2s በላይ ሲሆኑ የሚሠራ ሲሆን ይህ የሥርዓት ስህተት መኖሩን ስለሚያመለክት ሂደቱ ውድቅ ይደረጋል። [R4s rule] በአንድ የምርመራ ዙር ውስጥ በሁለት ውጤቶች መካከል ያለው ልዩነት ከ4s በላይ ሲሆን የሚሠራ ሲሆን ይህ ድንገተኛ ስህተት መኖሩን ስለሚያሳይ ሂደቱ ውድቅ ይደረጋል።
Laboratory Management and Quality Assurance,Quality Assurance in Medical Laboratory,"According to laboratory error management studies, which phase of the total testing process is responsible for the highest percentage of clinical errors, accounting for approximately 46% to 68.2% of all laboratory mistakes?",A) Analytical phase,B) Pre-analytical phase,C) Post-analytical phase,D) Post-post-analytical phase,B) Pre-analytical phase,የፅንሰ-ሀሳብ እና የሳይንስ መርህ ሰፊ ማብራሪያ፦ የላቦራቶሪ ምርመራ ሂደት በሦስት ዋና ዋና ክፍሎች ይከፈላል፦ ቅድመ-ምርመራ (Pre-analytical)፣ የምርመራ ወቅት (Analytical) እና ድኅረ-ምርመራ (Post-analytical)። ጥናቶች እንደሚያመለክቱት አብዛኛው ስህተት (ከ46% እስከ 68.2% የሚሆነው) የሚከሰተው በቅድመ-ምርመራ (Pre-analytical) ወቅት ነው። በዚህ ክፍል ውስጥ የሚካተቱት እንደ ታካሚን በትክክል አለመለየት፣ የደም ናሙና በሚወሰድበት ጊዜ የሚፈጠር መርጋት ወይም መበላሸት (hemolysis)፣ እና የተሳሳተ የምርመራ ቱቦ መጠቀም ያሉ ችግሮች ለውጤት መዛባትワイነኛ መንስኤዎች ናቸው። የተሳሳቱ ምርጫዎች ለምን ስህተት ሆኑ? [13s rule] Analytical phase (ምርጫ A)፦ ይህ ማሽኖች ምርመራ የሚያደርጉበት ወቅት ሲሆን፣ በከፍተኛ ቴክኖሎጂ እና ጥብቅ የጥራት ቁጥጥር ስለሚታገዝ ስህተት የመከሰት ዕድሉ ከ10% በታች ነው። [22s rule] Post-analytical phase (ምርጫ C)፦ ይህ ውጤት ተለክቶ ካለቀ በኋላ የሚከናወን ሂደት ሲሆን (ለምሳሌ ውጤት መጻፍ ወይም መላክ)፣ የሚከሰተው ስህተት ከ10% እስከ 20% ባለው ክልል ውስጥ ይገኛል። [R4s rule] Post-post-analytical (ምርጫ D)፦ ይህ ውጤቱ ለሐኪሙ ደርሶ ሐኪሙ በውጤቱ ላይ ተመስርቶ ውሳኔ የሚሰጥበት ክፍል ሲሆን፣ ምንም እንኳን አስፈላጊ ቢሆንም የላቦራቶሪው ዋና የክህሎት ክፍል ተደርጎ አይወሰድም።
Laboratory Management and Quality Assurance,Quality Assurance in Medical Laboratory,"In the molecular structure of double-stranded DNA, which of the following nitrogenous bases always forms a complementary pair with Guanine (G) by establishing three hydrogen bonds?",Adenine (A),Thymine (T),Cytosine (C),Uracil (U),C,[00:10] የዲ.ኤን.ኤ (DNA) ሞለኪውል በሁለት ተጓዳኝ ሰንሰለቶች የተገነባ ሲሆን፣ እነዚህ ሰንሰለቶች እርስ በእርስ የሚጣበቁት በውስጣቸው ባሉ ናይትሮጅን የያዙ ቤዞች (nitrogenous bases) አማካኝነት ነው። [00:35] በዋትሰን-ክሪክ የቤዝ ጥምረት መርህ (Watson-Crick base-pairing pattern) መሰረት፣ ጉዋኒን (G) ሁልጊዜ ከሳይቶሲን (C) ጋር ይጣመራል፤ በመካከላቸውም ሦስት የሃይድሮጅን ቦንዶች (three hydrogen bonds) ይፈጠራሉ። ይህ ጥምረት የዲ.ኤን.ኤ መዋቅር የተረጋጋ እንዲሆንና መረጃው በትክክል እንዲገለበጥ (replication) ይረዳል [01:10] አዴኒን (A) ሁልጊዜ ከቲሚን (T) ጋር ነው የሚጣመረው፣ በመካከላቸውም የሚኖረው ሁለት የሃይድሮጅን ቦንድ ብቻ ነው። [01:30] ዩራሲል (U) የሚገኘው በአር.ኤን.ኤ (RNA) ውስጥ ብቻ ሲሆን፣ በዲ.ኤን.ኤ ውስጥ ያለውን ቲሚንን ተክቶ ከአዴኒን ጋር ይጣመራል።
Laboratory Management and Quality Assurance,Quality Assurance in Medical Laboratory,"In clinical laboratory quality control, when utilizing a Levey-Jennings chart, what specific percentage of control results is mathematically expected to fall within the range of the mean ±2 standard deviations (2s) in a perfectly Gaussian distribution?",68.30%,95.50%,99.70%,50.00%,B,"[00:15] Assuming a Gaussian (normal) distribution, የስታቲስቲክስ መርሆች እንደሚያሳዩት 95.5% የሚሆኑት control values የሚገኙት በ ±2s range ውስጥ ነው። [00:40] በላቦራቶሪ ስራ ይህ ክልል 'Acceptable limit' ተደርጎ ይወሰዳል። አንድ ውጤት ከዚህ ክልል ውጭ ሲወጣ (12s violation)፣ እንደ warning ተቆጥሮ ማሽኑ ወይም ሪአጀንቱ እንዲመረመር ምክንያት ይሆናል። [01:05] 68.3% (ምርጫ A) የሚያሳየው ውጤቱ በ ±1s ክልል ውስጥ የመውደቅ እድሉን ነው። [01:25] 99.7% (ምርጫ C) ደግሞ የ ±3s ክልልን ይወክላል። ውጤቱ ከዚህ ሲወጣ (13s) runኑ ወዲያውኑ reject ይደረጋል።"
Laboratory Management and Quality Assurance,Quality Assurance in Medical Laboratory,"Which of the following Westgard multirules is violated when two consecutive control observations exceed the same +2s or −2s limit, indicating a systematic error that necessitates the rejection of the analytical run?",13s rule,22s rule,R4s rule,12s rule,B,[00:12] The 22s rule triggers when two consecutive control results fall outside the same ±2s limit። [00:35] ይህ ሁኔታ በሲስተሙ ውስጥ Systematic Error (እንደ calibration drift ወይም reagent degradation ያለ) መኖሩን ትልቅ ማሳያ ስለሆነ runኑ የግድ reject መደረግ አለበት። [01:00] 13s rule (ምርጫ A) የሚጣሰው አንድ ነጥብ ብቻ ከ ±3s በላይ ሲሆን ነው። [01:20] R4s rule (ምርጫ C) በአንድ run ውስጥ በሁለት ኮንትሮሎች መካከል የ 4s ልዩነት ሲኖር Random Errorን ለመለየት የሚያገለግል የክልል ሕግ (range rule) ነው። [01:45] 12s rule (ምርጫ D) ደግሞ ማስጠንቀቂያ (warning rule) ብቻ እንጂ ወዲያውኑ ውድቅ ማድረጊያ አይደለም።
Laboratory Management and Quality Assurance,Quality Assurance in Medical Laboratory,"Which of the following Westgard multirules is specifically designated as a ""warning"" rule, intended to trigger a careful review of control data rather than an immediate rejection of the analytical run?",13s rule,22s rule,12s rule,R4s rule,C,[00:10] በላቦራቶሪ Quality Control ሂደት ውስጥ የ 12s rule የሚባለው አንድ የጥራት መቆጣጠሪያ ውጤት (single control measurement) ከሚጠበቀው አማካይ (mean) በሁለት ስታንዳርድ ዲቪየሽን (±2s) ሲርቅ የሚሠራ ሕግ ነው። [00:35] ይህ ሕግ በዋናነት እንደ warning rule (ማስጠንቀቂያ) ያገለግላል፤ ይህም ባለሙያው ቀጣይ ውጤቶችን በጥንቃቄ እንዲመረምር ያሳስባል እንጂ analytical runኑን ወዲያውኑ ውድቅ (reject) አያደርግም። ይህንን ሕግ እንደ rejection rule አለመጠቀማችን false rejections ለመቀነስ ይረዳል [01:10] 13s rule (ምርጫ A) አንድ ውጤት ከ ±3s ውጭ ሲሆን የሚሠራና ከፍተኛ የሆነ random ወይም systematic error መኖሩን የሚያሳይ በመሆኑ የግድ reject መደረግ አለበት። [01:35] 22s rule (ምርጫ B) ሁለት ተከታታይ ውጤቶች ከ ±2s በላይ ሲሆኑ የሚሠራ ሲሆን፣ systematic biasን ስለሚያሳይ runኑ reject ይደረጋል።
Laboratory Management and Quality Assurance,Quality Assurance in Medical Laboratory,"According to Mendel’s First Law, also known as the Law of Segregation, what occurs during the process of gamete (sex cell) formation in a diploid organism?",Alleles of different genes assort independently of each other.,"The pair of alleles for a specific trait separate, so each gamete receives only one allele.",Dominant alleles physically transform recessive alleles into a dominant state.,All offspring in the F2 generation will always display the dominant phenotype.,B,[00:15] Mendel’s First Law (Law of Segregation) የሚገልጸው በአንድ diploid organism ውስጥ የሚገኙት two alleles of each gene በጾታ ሴል (gamete) አመራረት ወቅት እንደሚለያዩ ነው። [00:40] በሜዮሲስ (meiosis) ወቅት እያንዳንዱ ጋሜት ከአንዱ parent የሚወርሰው one allele only ነው። ይህም ማለት fertilization በሚከሰትበት ጊዜ ፅንሱ ከእያንዳንዱ ወላጅ አንድ አንድ ጂን በማግኘት ትክክለኛውን የጂን መጠን (ሁለት alleles) እንዲኖረው ያደርጋል። [01:10] ምርጫ A (Independent assortment) የሜንዴል ሁለተኛ ሕግ (Second Law) ሲሆን፣ የተለያዩ ጂኖች በነጻነት እንደሚወርሱ ይገልጻል። [01:35] በ F2 generation የሚታየው ratio 3:1 (dominant to recessive) ነው እንጂ ሁሉም dominant አይሆኑም።
Laboratory Management and Quality Assurance,Quality Assurance in Medical Laboratory,"In molecular pathology, sickle-cell anemia is a classic example of a genetic disease resulting from a single nucleotide substitution. What is the specific molecular consequence of this mutation on the hemoglobin protein structure?",A frame-shift mutation that leads to a truncated protein.,A single amino acid change that causes hemoglobin to stack into fibers.,A deletion of an entire exon in the beta-globin gene.,A silent mutation that does not alter the protein sequence.,B,[00:12] Sickle-cell anemia የሚከሰተው በዲ.ኤን.ኤ (DNA) ውስጥ በሚኖር single base difference ምክንያት ነው። This mutation causes a single amino acid substitution በ beta-globin ሰንሰለት ላይ። [00:42] የዚህ ለውጥ ውጤት ደግሞ Hemoglobin moleculeሉ ባህሪውን እንዲቀይር እና oxygen ሲያንስ እርስ በእርሱ እንዲጣበቅ (stack into fibers) ያደርገዋል። ይህ ቀይ የደም ሴሎች (RBCs) የጨረቃ ቅርጽ (sickle-shaped) እንዲይዙ ያደርጋቸዋል። [01:15] Frame-shift mutation (ምርጫ A) የሚከሰተው ቤዞች ሲጨመሩ ወይም ሲቀነሱ (insertion/deletion) ሙሉ የንባብ ክፈፉ ሲዛባ ነው። [01:35] Silent mutation (ምርጫ D) የDNA ለውጥ ቢኖርም በፕሮቲን ደረጃ ምንም አይነት የአሚኖ አሲድ لውጥ የማይመጣበት ሁኔታ ነው።
Laboratory Management and Quality Assurance,Quality Assurance in Medical Laboratory,"In a clinical chemistry laboratory, which pre-analytical interference occurs when red blood cells rupture, releasing intracellular components into the serum and causing a false elevation of Potassium (K+) and AST?",Lipemia,Icterus,Hemolysis,Hemoconcentration,C,"[00:15] Hemolysis የሚከሰተው የቀይ የደም ሴሎች መከፈት ወይም መፈራረስ (rupture of RBCs) ሲያጋጥም ነው። በዚህ ጊዜ በሴል ውስጥ በከፍተኛ መጠን የሚገኙ እንደ Potassium, LDH, እና AST ያሉ ንጥረ ነገሮች ወደ serum/plasma ይለቀቃሉ። [00:45] ይህ ሁኔታ ውጤቱ ከታካሚው እውነተኛ የጤና ሁኔታ በላይ በሐሰት እንዲጨምር (false elevation) ያደርጋል። ይህ በብዛት የሚከሰተው ናሙና በሚወሰድበት ጊዜ በመርፌ መጎርጎር (probing) ወይም በኃይል ናሙናውን በማንቀሳቀስ ነው። [01:15] Lipemia (ምርጫ A) በደም ውስጥ የስብ መጠን ሲበዛ የሚከሰትና ናሙናው የወተት መልክ (cloudy) እንዲኖረው የሚያደርግ ነው። [01:35] Icterus (ምርጫ B) ከፍተኛ የቢሊሩቢን መጠን serumን ወደ ቢጫነት ሲቀይረው ነው።"
